Month,Formula 1,F1
1,45.45454545454545,38.63636363636363
2,43.666666666666664,37.42857142857143
3,70.5909090909091,59.27272727272727
4,66.23809523809524,54.95238095238095
5,67.04545454545455,58.22727272727273
6,67.54545454545455,57.36363636363637
7,68.13636363636364,58.63636363636363
8,69.95454545454545,59.86363636363637
9,71.0952380952381,60.04761904761905
10,68.1304347826087,57.78260869565217
11,71.47619047619048,60.714285714285715
12,48.72727272727273,41.09090909090909
