Feature,Importance
Google_Search_Interest,0.2649750894952561
Excitement_Factor,0.2158236166707278
Championship_Intensity,0.21353390387431948
Podiums,0.15271407520294786
Fan_Sentiment,0.10015059293095017
Race_Weekend,0.04530864487417925
Wins,0.007494076951619335
