Metric,Race_Week_Avg,Non_Race_Week_Avg,Uplift_%
YouTube Subs Growth,311336.5238095238,105184.6875,195.9903491746589
Instagram Growth,331613.61904761905,148937.6875,122.65259023013839
Twitter Mentions,492165.85714285716,50000.0,884.3317142857144
Search Interest,94.99086235549468,50.025085935644924,89.88645512312814
