Metric,After_Win,After_Loss,Difference,Pct_Increase
YouTube Subscriber Growth,343480.28571428574,247049.0,96431.28571428574,39.03326292123657
Instagram Follower Growth,330865.0714285714,333110.71428571426,-2245.6428571428405,-0.6741430884197611
Twitter Mentions,494725.64285714284,487046.28571428574,7679.357142857101,1.5767201943845672
Google Search Interest,95.02493422639513,94.92271861369376,0.10221561270137158,0.10768298063328513
Fan Sentiment Score,0.6497245229481934,0.3780523790504661,0.27167214389772726,71.86097984096055
