Model,RMSE,MAE,R2
Random Forest,118883.91046171219,96693.12476190476,0.6827145923230644
Gradient Boosting,138848.55788337465,115984.2594859427,0.5672005683458266
Linear Regression,147598.0002398113,119700.85069606808,0.5109369164478922
